source_id,source_group,ok,status_code,evidence_count,robots_blocked,error,url
numerospam_mobile_600,numerospam,0,,0,0,HTTPError: 525 Server Error: <none> for url: https://numerospam.es/moviles/es/600,https://numerospam.es/moviles/es/600
numerospam_mobile_601,numerospam,0,,0,0,HTTPError: 525 Server Error: <none> for url: https://numerospam.es/moviles/es/601,https://numerospam.es/moviles/es/601
numerospam_mobile_602,numerospam,0,,0,0,HTTPError: 525 Server Error: <none> for url: https://numerospam.es/moviles/es/602,https://numerospam.es/moviles/es/602
numerospam_mobile_603,numerospam,0,,0,0,HTTPError: 525 Server Error: <none> for url: https://numerospam.es/moviles/es/603,https://numerospam.es/moviles/es/603
numerospam_mobile_604,numerospam,0,,0,0,HTTPError: 525 Server Error: <none> for url: https://numerospam.es/moviles/es/604,https://numerospam.es/moviles/es/604
numerospam_mobile_605,numerospam,0,,0,0,HTTPError: 525 Server Error: <none> for url: https://numerospam.es/moviles/es/605,https://numerospam.es/moviles/es/605
numerospam_mobile_606,numerospam,0,,0,0,HTTPError: 525 Server Error: <none> for url: https://numerospam.es/moviles/es/606,https://numerospam.es/moviles/es/606
numerospam_mobile_607,numerospam,0,,0,0,HTTPError: 525 Server Error: <none> for url: https://numerospam.es/moviles/es/607,https://numerospam.es/moviles/es/607
numerospam_mobile_608,numerospam,0,,0,0,HTTPError: 525 Server Error: <none> for url: https://numerospam.es/moviles/es/608,https://numerospam.es/moviles/es/608
numerospam_mobile_609,numerospam,0,,0,0,HTTPError: 525 Server Error: <none> for url: https://numerospam.es/moviles/es/609,https://numerospam.es/moviles/es/609
numerospam_mobile_610,numerospam,0,,0,0,HTTPError: 525 Server Error: <none> for url: https://numerospam.es/moviles/es/610,https://numerospam.es/moviles/es/610
numerospam_mobile_611,numerospam,0,,0,0,HTTPError: 525 Server Error: <none> for url: https://numerospam.es/moviles/es/611,https://numerospam.es/moviles/es/611
numerospam_mobile_612,numerospam,0,,0,0,HTTPError: 525 Server Error: <none> for url: https://numerospam.es/moviles/es/612,https://numerospam.es/moviles/es/612
numerospam_mobile_613,numerospam,0,,0,0,HTTPError: 525 Server Error: <none> for url: https://numerospam.es/moviles/es/613,https://numerospam.es/moviles/es/613
numerospam_mobile_615,numerospam,0,,0,0,HTTPError: 525 Server Error: <none> for url: https://numerospam.es/moviles/es/615,https://numerospam.es/moviles/es/615
numerospam_mobile_616,numerospam,0,,0,0,HTTPError: 525 Server Error: <none> for url: https://numerospam.es/moviles/es/616,https://numerospam.es/moviles/es/616
numerospam_mobile_617,numerospam,0,,0,0,HTTPError: 525 Server Error: <none> for url: https://numerospam.es/moviles/es/617,https://numerospam.es/moviles/es/617
numerospam_mobile_618,numerospam,0,,0,0,HTTPError: 525 Server Error: <none> for url: https://numerospam.es/moviles/es/618,https://numerospam.es/moviles/es/618
numerospam_mobile_619,numerospam,0,,0,0,HTTPError: 525 Server Error: <none> for url: https://numerospam.es/moviles/es/619,https://numerospam.es/moviles/es/619
numerospam_mobile_620,numerospam,0,,0,0,HTTPError: 525 Server Error: <none> for url: https://numerospam.es/moviles/es/620,https://numerospam.es/moviles/es/620
numerospam_mobile_621,numerospam,0,,0,0,HTTPError: 525 Server Error: <none> for url: https://numerospam.es/moviles/es/621,https://numerospam.es/moviles/es/621
numerospam_mobile_622,numerospam,0,,0,0,HTTPError: 525 Server Error: <none> for url: https://numerospam.es/moviles/es/622,https://numerospam.es/moviles/es/622
numerospam_mobile_623,numerospam,0,,0,0,HTTPError: 525 Server Error: <none> for url: https://numerospam.es/moviles/es/623,https://numerospam.es/moviles/es/623
numerospam_mobile_624,numerospam,0,,0,0,HTTPError: 525 Server Error: <none> for url: https://numerospam.es/moviles/es/624,https://numerospam.es/moviles/es/624
numerospam_mobile_625,numerospam,0,,0,0,HTTPError: 525 Server Error: <none> for url: https://numerospam.es/moviles/es/625,https://numerospam.es/moviles/es/625
numerospam_mobile_626,numerospam,0,,0,0,HTTPError: 525 Server Error: <none> for url: https://numerospam.es/moviles/es/626,https://numerospam.es/moviles/es/626
numerospam_mobile_627,numerospam,0,,0,0,HTTPError: 525 Server Error: <none> for url: https://numerospam.es/moviles/es/627,https://numerospam.es/moviles/es/627
numerospam_mobile_628,numerospam,0,,0,0,HTTPError: 525 Server Error: <none> for url: https://numerospam.es/moviles/es/628,https://numerospam.es/moviles/es/628
numerospam_mobile_629,numerospam,0,,0,0,HTTPError: 525 Server Error: <none> for url: https://numerospam.es/moviles/es/629,https://numerospam.es/moviles/es/629
numerospam_mobile_630,numerospam,0,,0,0,HTTPError: 525 Server Error: <none> for url: https://numerospam.es/moviles/es/630,https://numerospam.es/moviles/es/630
numerospam_mobile_631,numerospam,0,,0,0,HTTPError: 525 Server Error: <none> for url: https://numerospam.es/moviles/es/631,https://numerospam.es/moviles/es/631
numerospam_mobile_632,numerospam,0,,0,0,HTTPError: 525 Server Error: <none> for url: https://numerospam.es/moviles/es/632,https://numerospam.es/moviles/es/632
numerospam_mobile_633,numerospam,0,,0,0,HTTPError: 525 Server Error: <none> for url: https://numerospam.es/moviles/es/633,https://numerospam.es/moviles/es/633
numerospam_mobile_634,numerospam,0,,0,0,HTTPError: 525 Server Error: <none> for url: https://numerospam.es/moviles/es/634,https://numerospam.es/moviles/es/634
numerospam_mobile_635,numerospam,0,,0,0,HTTPError: 525 Server Error: <none> for url: https://numerospam.es/moviles/es/635,https://numerospam.es/moviles/es/635
numerospam_mobile_636,numerospam,0,,0,0,HTTPError: 525 Server Error: <none> for url: https://numerospam.es/moviles/es/636,https://numerospam.es/moviles/es/636
numerospam_mobile_637,numerospam,0,,0,0,HTTPError: 525 Server Error: <none> for url: https://numerospam.es/moviles/es/637,https://numerospam.es/moviles/es/637
numerospam_mobile_638,numerospam,0,,0,0,HTTPError: 525 Server Error: <none> for url: https://numerospam.es/moviles/es/638,https://numerospam.es/moviles/es/638
numerospam_mobile_639,numerospam,0,,0,0,HTTPError: 525 Server Error: <none> for url: https://numerospam.es/moviles/es/639,https://numerospam.es/moviles/es/639
numerospam_mobile_640,numerospam,0,,0,0,HTTPError: 525 Server Error: <none> for url: https://numerospam.es/moviles/es/640,https://numerospam.es/moviles/es/640
numerospam_mobile_641,numerospam,0,,0,0,HTTPError: 525 Server Error: <none> for url: https://numerospam.es/moviles/es/641,https://numerospam.es/moviles/es/641
numerospam_mobile_642,numerospam,0,,0,0,HTTPError: 525 Server Error: <none> for url: https://numerospam.es/moviles/es/642,https://numerospam.es/moviles/es/642
numerospam_mobile_643,numerospam,0,,0,0,HTTPError: 525 Server Error: <none> for url: https://numerospam.es/moviles/es/643,https://numerospam.es/moviles/es/643
numerospam_mobile_644,numerospam,0,,0,0,HTTPError: 525 Server Error: <none> for url: https://numerospam.es/moviles/es/644,https://numerospam.es/moviles/es/644
numerospam_mobile_645,numerospam,0,,0,0,HTTPError: 525 Server Error: <none> for url: https://numerospam.es/moviles/es/645,https://numerospam.es/moviles/es/645
numerospam_mobile_646,numerospam,0,,0,0,HTTPError: 525 Server Error: <none> for url: https://numerospam.es/moviles/es/646,https://numerospam.es/moviles/es/646
numerospam_mobile_647,numerospam,0,,0,0,HTTPError: 525 Server Error: <none> for url: https://numerospam.es/moviles/es/647,https://numerospam.es/moviles/es/647
numerospam_mobile_648,numerospam,0,,0,0,HTTPError: 525 Server Error: <none> for url: https://numerospam.es/moviles/es/648,https://numerospam.es/moviles/es/648
numerospam_mobile_649,numerospam,0,,0,0,HTTPError: 525 Server Error: <none> for url: https://numerospam.es/moviles/es/649,https://numerospam.es/moviles/es/649
numerospam_mobile_650,numerospam,0,,0,0,HTTPError: 525 Server Error: <none> for url: https://numerospam.es/moviles/es/650,https://numerospam.es/moviles/es/650
numerospam_mobile_651,numerospam,0,,0,0,HTTPError: 525 Server Error: <none> for url: https://numerospam.es/moviles/es/651,https://numerospam.es/moviles/es/651
numerospam_mobile_652,numerospam,0,,0,0,HTTPError: 525 Server Error: <none> for url: https://numerospam.es/moviles/es/652,https://numerospam.es/moviles/es/652
numerospam_mobile_653,numerospam,0,,0,0,HTTPError: 525 Server Error: <none> for url: https://numerospam.es/moviles/es/653,https://numerospam.es/moviles/es/653
numerospam_mobile_654,numerospam,0,,0,0,HTTPError: 525 Server Error: <none> for url: https://numerospam.es/moviles/es/654,https://numerospam.es/moviles/es/654
numerospam_mobile_655,numerospam,0,,0,0,HTTPError: 525 Server Error: <none> for url: https://numerospam.es/moviles/es/655,https://numerospam.es/moviles/es/655
numerospam_mobile_656,numerospam,0,,0,0,HTTPError: 525 Server Error: <none> for url: https://numerospam.es/moviles/es/656,https://numerospam.es/moviles/es/656
numerospam_mobile_657,numerospam,0,,0,0,HTTPError: 525 Server Error: <none> for url: https://numerospam.es/moviles/es/657,https://numerospam.es/moviles/es/657
numerospam_mobile_658,numerospam,0,,0,0,HTTPError: 525 Server Error: <none> for url: https://numerospam.es/moviles/es/658,https://numerospam.es/moviles/es/658
numerospam_mobile_659,numerospam,0,,0,0,HTTPError: 525 Server Error: <none> for url: https://numerospam.es/moviles/es/659,https://numerospam.es/moviles/es/659
numerospam_mobile_660,numerospam,0,,0,0,HTTPError: 525 Server Error: <none> for url: https://numerospam.es/moviles/es/660,https://numerospam.es/moviles/es/660
numerospam_mobile_661,numerospam,0,,0,0,HTTPError: 525 Server Error: <none> for url: https://numerospam.es/moviles/es/661,https://numerospam.es/moviles/es/661
numerospam_mobile_662,numerospam,0,,0,0,HTTPError: 525 Server Error: <none> for url: https://numerospam.es/moviles/es/662,https://numerospam.es/moviles/es/662
numerospam_mobile_663,numerospam,0,,0,0,HTTPError: 525 Server Error: <none> for url: https://numerospam.es/moviles/es/663,https://numerospam.es/moviles/es/663
numerospam_mobile_664,numerospam,0,,0,0,HTTPError: 525 Server Error: <none> for url: https://numerospam.es/moviles/es/664,https://numerospam.es/moviles/es/664
numerospam_mobile_665,numerospam,0,,0,0,HTTPError: 525 Server Error: <none> for url: https://numerospam.es/moviles/es/665,https://numerospam.es/moviles/es/665
numerospam_mobile_666,numerospam,0,,0,0,HTTPError: 525 Server Error: <none> for url: https://numerospam.es/moviles/es/666,https://numerospam.es/moviles/es/666
numerospam_mobile_667,numerospam,0,,0,0,HTTPError: 525 Server Error: <none> for url: https://numerospam.es/moviles/es/667,https://numerospam.es/moviles/es/667
numerospam_mobile_668,numerospam,0,,0,0,HTTPError: 525 Server Error: <none> for url: https://numerospam.es/moviles/es/668,https://numerospam.es/moviles/es/668
numerospam_mobile_669,numerospam,0,,0,0,HTTPError: 525 Server Error: <none> for url: https://numerospam.es/moviles/es/669,https://numerospam.es/moviles/es/669
numerospam_mobile_670,numerospam,0,,0,0,HTTPError: 525 Server Error: <none> for url: https://numerospam.es/moviles/es/670,https://numerospam.es/moviles/es/670
numerospam_mobile_671,numerospam,0,,0,0,HTTPError: 525 Server Error: <none> for url: https://numerospam.es/moviles/es/671,https://numerospam.es/moviles/es/671
numerospam_mobile_672,numerospam,0,,0,0,HTTPError: 525 Server Error: <none> for url: https://numerospam.es/moviles/es/672,https://numerospam.es/moviles/es/672
numerospam_mobile_673,numerospam,0,,0,0,HTTPError: 525 Server Error: <none> for url: https://numerospam.es/moviles/es/673,https://numerospam.es/moviles/es/673
numerospam_mobile_674,numerospam,0,,0,0,HTTPError: 525 Server Error: <none> for url: https://numerospam.es/moviles/es/674,https://numerospam.es/moviles/es/674
numerospam_mobile_675,numerospam,0,,0,0,HTTPError: 525 Server Error: <none> for url: https://numerospam.es/moviles/es/675,https://numerospam.es/moviles/es/675
numerospam_mobile_676,numerospam,0,,0,0,HTTPError: 525 Server Error: <none> for url: https://numerospam.es/moviles/es/676,https://numerospam.es/moviles/es/676
numerospam_mobile_677,numerospam,0,,0,0,HTTPError: 525 Server Error: <none> for url: https://numerospam.es/moviles/es/677,https://numerospam.es/moviles/es/677
numerospam_mobile_678,numerospam,0,,0,0,HTTPError: 525 Server Error: <none> for url: https://numerospam.es/moviles/es/678,https://numerospam.es/moviles/es/678
numerospam_mobile_679,numerospam,0,,0,0,HTTPError: 525 Server Error: <none> for url: https://numerospam.es/moviles/es/679,https://numerospam.es/moviles/es/679
numerospam_mobile_680,numerospam,0,,0,0,HTTPError: 525 Server Error: <none> for url: https://numerospam.es/moviles/es/680,https://numerospam.es/moviles/es/680
numerospam_mobile_681,numerospam,0,,0,0,HTTPError: 525 Server Error: <none> for url: https://numerospam.es/moviles/es/681,https://numerospam.es/moviles/es/681
numerospam_mobile_682,numerospam,0,,0,0,HTTPError: 525 Server Error: <none> for url: https://numerospam.es/moviles/es/682,https://numerospam.es/moviles/es/682
numerospam_mobile_683,numerospam,0,,0,0,HTTPError: 525 Server Error: <none> for url: https://numerospam.es/moviles/es/683,https://numerospam.es/moviles/es/683
numerospam_mobile_684,numerospam,0,,0,0,HTTPError: 525 Server Error: <none> for url: https://numerospam.es/moviles/es/684,https://numerospam.es/moviles/es/684
numerospam_mobile_685,numerospam,0,,0,0,HTTPError: 525 Server Error: <none> for url: https://numerospam.es/moviles/es/685,https://numerospam.es/moviles/es/685
numerospam_mobile_686,numerospam,0,,0,0,HTTPError: 525 Server Error: <none> for url: https://numerospam.es/moviles/es/686,https://numerospam.es/moviles/es/686
numerospam_mobile_687,numerospam,0,,0,0,HTTPError: 525 Server Error: <none> for url: https://numerospam.es/moviles/es/687,https://numerospam.es/moviles/es/687
numerospam_mobile_688,numerospam,0,,0,0,HTTPError: 525 Server Error: <none> for url: https://numerospam.es/moviles/es/688,https://numerospam.es/moviles/es/688
numerospam_mobile_689,numerospam,0,,0,0,HTTPError: 525 Server Error: <none> for url: https://numerospam.es/moviles/es/689,https://numerospam.es/moviles/es/689
numerospam_mobile_690,numerospam,0,,0,0,HTTPError: 525 Server Error: <none> for url: https://numerospam.es/moviles/es/690,https://numerospam.es/moviles/es/690
numerospam_mobile_691,numerospam,0,,0,0,HTTPError: 525 Server Error: <none> for url: https://numerospam.es/moviles/es/691,https://numerospam.es/moviles/es/691
numerospam_mobile_692,numerospam,0,,0,0,HTTPError: 525 Server Error: <none> for url: https://numerospam.es/moviles/es/692,https://numerospam.es/moviles/es/692
numerospam_mobile_693,numerospam,0,,0,0,HTTPError: 525 Server Error: <none> for url: https://numerospam.es/moviles/es/693,https://numerospam.es/moviles/es/693
numerospam_mobile_694,numerospam,0,,0,0,HTTPError: 525 Server Error: <none> for url: https://numerospam.es/moviles/es/694,https://numerospam.es/moviles/es/694
numerospam_mobile_695,numerospam,0,,0,0,HTTPError: 525 Server Error: <none> for url: https://numerospam.es/moviles/es/695,https://numerospam.es/moviles/es/695
numerospam_mobile_696,numerospam,0,,0,0,HTTPError: 525 Server Error: <none> for url: https://numerospam.es/moviles/es/696,https://numerospam.es/moviles/es/696
numerospam_mobile_697,numerospam,0,,0,0,HTTPError: 525 Server Error: <none> for url: https://numerospam.es/moviles/es/697,https://numerospam.es/moviles/es/697
numerospam_mobile_698,numerospam,0,,0,0,HTTPError: 525 Server Error: <none> for url: https://numerospam.es/moviles/es/698,https://numerospam.es/moviles/es/698
numerospam_mobile_699,numerospam,0,,0,0,HTTPError: 525 Server Error: <none> for url: https://numerospam.es/moviles/es/699,https://numerospam.es/moviles/es/699
numerospam_mobile_711,numerospam,0,,0,0,HTTPError: 525 Server Error: <none> for url: https://numerospam.es/moviles/es/711,https://numerospam.es/moviles/es/711
numerospam_mobile_712,numerospam,0,,0,0,HTTPError: 525 Server Error: <none> for url: https://numerospam.es/moviles/es/712,https://numerospam.es/moviles/es/712
numerospam_mobile_717,numerospam,0,,0,0,HTTPError: 525 Server Error: <none> for url: https://numerospam.es/moviles/es/717,https://numerospam.es/moviles/es/717
numerospam_mobile_722,numerospam,0,,0,0,HTTPError: 525 Server Error: <none> for url: https://numerospam.es/moviles/es/722,https://numerospam.es/moviles/es/722
numerospam_mobile_727,numerospam,0,,0,0,HTTPError: 525 Server Error: <none> for url: https://numerospam.es/moviles/es/727,https://numerospam.es/moviles/es/727
numerospam_mobile_744,numerospam,0,,0,0,HTTPError: 525 Server Error: <none> for url: https://numerospam.es/moviles/es/744,https://numerospam.es/moviles/es/744
numerospam_mobile_747,numerospam,0,,0,0,HTTPError: 525 Server Error: <none> for url: https://numerospam.es/moviles/es/747,https://numerospam.es/moviles/es/747
numerospam_mobile_748,numerospam,0,,0,0,HTTPError: 525 Server Error: <none> for url: https://numerospam.es/moviles/es/748,https://numerospam.es/moviles/es/748
numerospam_province_a-coruna,numerospam,0,,0,0,HTTPError: 525 Server Error: <none> for url: https://numerospam.es/prefijos/es/a-coruna,https://numerospam.es/prefijos/es/a-coruna
numerospam_province_alava,numerospam,0,,0,0,HTTPError: 525 Server Error: <none> for url: https://numerospam.es/prefijos/es/alava,https://numerospam.es/prefijos/es/alava
numerospam_province_albacete,numerospam,0,,0,0,HTTPError: 525 Server Error: <none> for url: https://numerospam.es/prefijos/es/albacete,https://numerospam.es/prefijos/es/albacete
numerospam_province_alicante,numerospam,0,,0,0,HTTPError: 525 Server Error: <none> for url: https://numerospam.es/prefijos/es/alicante,https://numerospam.es/prefijos/es/alicante
numerospam_province_almeria,numerospam,0,,0,0,HTTPError: 525 Server Error: <none> for url: https://numerospam.es/prefijos/es/almeria,https://numerospam.es/prefijos/es/almeria
numerospam_province_asturias,numerospam,0,,0,0,HTTPError: 525 Server Error: <none> for url: https://numerospam.es/prefijos/es/asturias,https://numerospam.es/prefijos/es/asturias
numerospam_province_avila,numerospam,0,,0,0,HTTPError: 525 Server Error: <none> for url: https://numerospam.es/prefijos/es/avila,https://numerospam.es/prefijos/es/avila
numerospam_province_badajoz,numerospam,0,,0,0,HTTPError: 525 Server Error: <none> for url: https://numerospam.es/prefijos/es/badajoz,https://numerospam.es/prefijos/es/badajoz
numerospam_province_barcelona,numerospam,0,,0,0,HTTPError: 525 Server Error: <none> for url: https://numerospam.es/prefijos/es/barcelona,https://numerospam.es/prefijos/es/barcelona
numerospam_province_burgos,numerospam,0,,0,0,HTTPError: 525 Server Error: <none> for url: https://numerospam.es/prefijos/es/burgos,https://numerospam.es/prefijos/es/burgos
numerospam_province_caceres,numerospam,0,,0,0,HTTPError: 525 Server Error: <none> for url: https://numerospam.es/prefijos/es/caceres,https://numerospam.es/prefijos/es/caceres
numerospam_province_cadiz,numerospam,0,,0,0,HTTPError: 525 Server Error: <none> for url: https://numerospam.es/prefijos/es/cadiz,https://numerospam.es/prefijos/es/cadiz
numerospam_province_cantabria,numerospam,0,,0,0,HTTPError: 525 Server Error: <none> for url: https://numerospam.es/prefijos/es/cantabria,https://numerospam.es/prefijos/es/cantabria
numerospam_province_castellon,numerospam,0,,0,0,HTTPError: 525 Server Error: <none> for url: https://numerospam.es/prefijos/es/castellon,https://numerospam.es/prefijos/es/castellon
numerospam_province_ciudad-real,numerospam,0,,0,0,HTTPError: 525 Server Error: <none> for url: https://numerospam.es/prefijos/es/ciudad-real,https://numerospam.es/prefijos/es/ciudad-real
numerospam_province_cordoba,numerospam,0,,0,0,HTTPError: 525 Server Error: <none> for url: https://numerospam.es/prefijos/es/cordoba,https://numerospam.es/prefijos/es/cordoba
numerospam_province_cuenca,numerospam,0,,0,0,HTTPError: 525 Server Error: <none> for url: https://numerospam.es/prefijos/es/cuenca,https://numerospam.es/prefijos/es/cuenca
numerospam_province_girona,numerospam,0,,0,0,HTTPError: 525 Server Error: <none> for url: https://numerospam.es/prefijos/es/girona,https://numerospam.es/prefijos/es/girona
numerospam_province_granada,numerospam,0,,0,0,HTTPError: 525 Server Error: <none> for url: https://numerospam.es/prefijos/es/granada,https://numerospam.es/prefijos/es/granada
numerospam_province_guadalajara,numerospam,0,,0,0,HTTPError: 525 Server Error: <none> for url: https://numerospam.es/prefijos/es/guadalajara,https://numerospam.es/prefijos/es/guadalajara
numerospam_province_guipuzcoa,numerospam,0,,0,0,HTTPError: 525 Server Error: <none> for url: https://numerospam.es/prefijos/es/guipuzcoa,https://numerospam.es/prefijos/es/guipuzcoa
numerospam_province_huelva,numerospam,0,,0,0,HTTPError: 525 Server Error: <none> for url: https://numerospam.es/prefijos/es/huelva,https://numerospam.es/prefijos/es/huelva
numerospam_province_huesca,numerospam,0,,0,0,HTTPError: 525 Server Error: <none> for url: https://numerospam.es/prefijos/es/huesca,https://numerospam.es/prefijos/es/huesca
numerospam_province_islas-baleares,numerospam,0,,0,0,HTTPError: 525 Server Error: <none> for url: https://numerospam.es/prefijos/es/islas-baleares,https://numerospam.es/prefijos/es/islas-baleares
numerospam_province_jaen,numerospam,0,,0,0,HTTPError: 525 Server Error: <none> for url: https://numerospam.es/prefijos/es/jaen,https://numerospam.es/prefijos/es/jaen
numerospam_province_la-rioja,numerospam,0,,0,0,HTTPError: 525 Server Error: <none> for url: https://numerospam.es/prefijos/es/la-rioja,https://numerospam.es/prefijos/es/la-rioja
numerospam_province_las-palmas,numerospam,0,,0,0,HTTPError: 525 Server Error: <none> for url: https://numerospam.es/prefijos/es/las-palmas,https://numerospam.es/prefijos/es/las-palmas
numerospam_province_leon,numerospam,0,,0,0,HTTPError: 525 Server Error: <none> for url: https://numerospam.es/prefijos/es/leon,https://numerospam.es/prefijos/es/leon
numerospam_province_lleida,numerospam,0,,0,0,HTTPError: 525 Server Error: <none> for url: https://numerospam.es/prefijos/es/lleida,https://numerospam.es/prefijos/es/lleida
numerospam_province_lugo,numerospam,0,,0,0,HTTPError: 525 Server Error: <none> for url: https://numerospam.es/prefijos/es/lugo,https://numerospam.es/prefijos/es/lugo
numerospam_province_madrid,numerospam,0,,0,0,HTTPError: 525 Server Error: <none> for url: https://numerospam.es/prefijos/es/madrid,https://numerospam.es/prefijos/es/madrid
numerospam_province_malaga,numerospam,0,,0,0,HTTPError: 525 Server Error: <none> for url: https://numerospam.es/prefijos/es/malaga,https://numerospam.es/prefijos/es/malaga
numerospam_province_murcia,numerospam,0,,0,0,HTTPError: 525 Server Error: <none> for url: https://numerospam.es/prefijos/es/murcia,https://numerospam.es/prefijos/es/murcia
numerospam_province_navarra,numerospam,0,,0,0,HTTPError: 525 Server Error: <none> for url: https://numerospam.es/prefijos/es/navarra,https://numerospam.es/prefijos/es/navarra
numerospam_province_orense,numerospam,0,,0,0,HTTPError: 525 Server Error: <none> for url: https://numerospam.es/prefijos/es/orense,https://numerospam.es/prefijos/es/orense
numerospam_province_palencia,numerospam,0,,0,0,HTTPError: 525 Server Error: <none> for url: https://numerospam.es/prefijos/es/palencia,https://numerospam.es/prefijos/es/palencia
numerospam_province_pontevedra,numerospam,0,,0,0,HTTPError: 525 Server Error: <none> for url: https://numerospam.es/prefijos/es/pontevedra,https://numerospam.es/prefijos/es/pontevedra
numerospam_province_salamanca,numerospam,0,,0,0,HTTPError: 525 Server Error: <none> for url: https://numerospam.es/prefijos/es/salamanca,https://numerospam.es/prefijos/es/salamanca
numerospam_province_santa-cruz-de-tenerife,numerospam,0,,0,0,HTTPError: 525 Server Error: <none> for url: https://numerospam.es/prefijos/es/santa-cruz-de-tenerife,https://numerospam.es/prefijos/es/santa-cruz-de-tenerife
numerospam_province_segovia,numerospam,0,,0,0,HTTPError: 525 Server Error: <none> for url: https://numerospam.es/prefijos/es/segovia,https://numerospam.es/prefijos/es/segovia
numerospam_province_sevilla,numerospam,0,,0,0,HTTPError: 525 Server Error: <none> for url: https://numerospam.es/prefijos/es/sevilla,https://numerospam.es/prefijos/es/sevilla
numerospam_province_soria,numerospam,0,,0,0,HTTPError: 525 Server Error: <none> for url: https://numerospam.es/prefijos/es/soria,https://numerospam.es/prefijos/es/soria
numerospam_province_tarragona,numerospam,0,,0,0,HTTPError: 525 Server Error: <none> for url: https://numerospam.es/prefijos/es/tarragona,https://numerospam.es/prefijos/es/tarragona
numerospam_province_teruel,numerospam,0,,0,0,HTTPError: 525 Server Error: <none> for url: https://numerospam.es/prefijos/es/teruel,https://numerospam.es/prefijos/es/teruel
numerospam_province_toledo,numerospam,0,,0,0,HTTPError: 525 Server Error: <none> for url: https://numerospam.es/prefijos/es/toledo,https://numerospam.es/prefijos/es/toledo
numerospam_province_valencia,numerospam,0,,0,0,HTTPError: 525 Server Error: <none> for url: https://numerospam.es/prefijos/es/valencia,https://numerospam.es/prefijos/es/valencia
numerospam_province_valladolid,numerospam,0,,0,0,HTTPError: 525 Server Error: <none> for url: https://numerospam.es/prefijos/es/valladolid,https://numerospam.es/prefijos/es/valladolid
numerospam_province_vizcaya,numerospam,0,,0,0,HTTPError: 525 Server Error: <none> for url: https://numerospam.es/prefijos/es/vizcaya,https://numerospam.es/prefijos/es/vizcaya
numerospam_province_zamora,numerospam,0,,0,0,HTTPError: 525 Server Error: <none> for url: https://numerospam.es/prefijos/es/zamora,https://numerospam.es/prefijos/es/zamora
numerospam_province_zaragoza,numerospam,0,,0,0,HTTPError: 525 Server Error: <none> for url: https://numerospam.es/prefijos/es/zaragoza,https://numerospam.es/prefijos/es/zaragoza
numerospam_special_704,numerospam,0,,0,0,HTTPError: 525 Server Error: <none> for url: https://numerospam.es/prefijos-especiales/es/704,https://numerospam.es/prefijos-especiales/es/704
numerospam_special_800,numerospam,0,,0,0,HTTPError: 525 Server Error: <none> for url: https://numerospam.es/prefijos-especiales/es/800,https://numerospam.es/prefijos-especiales/es/800
numerospam_special_803,numerospam,0,,0,0,HTTPError: 525 Server Error: <none> for url: https://numerospam.es/prefijos-especiales/es/803,https://numerospam.es/prefijos-especiales/es/803
numerospam_special_806,numerospam,0,,0,0,HTTPError: 525 Server Error: <none> for url: https://numerospam.es/prefijos-especiales/es/806,https://numerospam.es/prefijos-especiales/es/806
numerospam_special_807,numerospam,0,,0,0,HTTPError: 525 Server Error: <none> for url: https://numerospam.es/prefijos-especiales/es/807,https://numerospam.es/prefijos-especiales/es/807
numerospam_special_900,numerospam,0,,0,0,HTTPError: 525 Server Error: <none> for url: https://numerospam.es/prefijos-especiales/es/900,https://numerospam.es/prefijos-especiales/es/900
numerospam_special_901,numerospam,0,,0,0,HTTPError: 525 Server Error: <none> for url: https://numerospam.es/prefijos-especiales/es/901,https://numerospam.es/prefijos-especiales/es/901
numerospam_special_902,numerospam,0,,0,0,HTTPError: 525 Server Error: <none> for url: https://numerospam.es/prefijos-especiales/es/902,https://numerospam.es/prefijos-especiales/es/902
numerospam_special_903,numerospam,0,,0,0,HTTPError: 525 Server Error: <none> for url: https://numerospam.es/prefijos-especiales/es/903,https://numerospam.es/prefijos-especiales/es/903
numerospam_special_905,numerospam,0,,0,0,HTTPError: 525 Server Error: <none> for url: https://numerospam.es/prefijos-especiales/es/905,https://numerospam.es/prefijos-especiales/es/905
numerospam_special_906,numerospam,0,,0,0,HTTPError: 525 Server Error: <none> for url: https://numerospam.es/prefijos-especiales/es/906,https://numerospam.es/prefijos-especiales/es/906
numerospam_special_907,numerospam,0,,0,0,HTTPError: 525 Server Error: <none> for url: https://numerospam.es/prefijos-especiales/es/907,https://numerospam.es/prefijos-especiales/es/907
numerospam_special_908,numerospam,0,,0,0,HTTPError: 525 Server Error: <none> for url: https://numerospam.es/prefijos-especiales/es/908,https://numerospam.es/prefijos-especiales/es/908
numerospam_special_909,numerospam,0,,0,0,HTTPError: 525 Server Error: <none> for url: https://numerospam.es/prefijos-especiales/es/909,https://numerospam.es/prefijos-especiales/es/909
openspam_home,openspam,0,,0,0,HTTPError: 403 Client Error: Forbidden for url: https://openspam.es/,https://openspam.es/
slickly_es,slickly,0,,0,0,HTTPError: 403 Client Error: Forbidden for url: https://slick.ly/es,https://slick.ly/es
spamcalls_es,spamcalls,0,,0,0,HTTPError: 403 Client Error: Forbidden for url: https://spamcalls.net/es/country-code/34,https://spamcalls.net/es/country-code/34
telefonospam_latest,telefonospam,0,,0,0,HTTPError: 403 Client Error: Forbidden for url: https://www.telefonospam.com/ultimos,https://www.telefonospam.com/ultimos
tellows_stats,tellows,0,,0,0,HTTPError: 403 Client Error: Forbidden for url: https://www.tellows.es/stats,https://www.tellows.es/stats
cleverdialer_top_24h,cleverdialer,1,200,81,0,,https://www.cleverdialer.es/top-spammer-de-las-ultimas-24-horas
datos_last,datostelefonicos,1,200,200,0,,https://datostelefonicos.com/ultimos-buscados/es?limit=200
datos_top,datostelefonicos,1,200,128,0,,https://datostelefonicos.com/mas-buscados/es?limit=200
detectaspam_home,detectaspam,1,200,22,0,,https://detectaspam.com/
